{
  "locations": [
    {
      "name": "Ostermiething",
      "address": "Weilhartstraße 65, 5121 Ostermiething",
      "booking_url": "https://termingo.at/.../ostermiething"
    },
    {
      "name": "Mattighofen",
      "address": "Stifterstraße 19, 5230 Mattighofen",
      "booking_url": "https://termingo.at/.../mattighofen"
    }
  ],
  "opening_hours": {
    "Mon": null,
    "Tue": [
      "09:00",
      "18:00"
    ],
    "Wed": [
      "09:00",
      "18:00"
    ],
    "Thu": [
      "09:00",
      "19:00"
    ],
    "Fri": [
      "09:00",
      "19:00"
    ],
    "Sat": "by_appointment",
    "Sun": null
  },
  "buffer_minutes_default": 10,
  "buffer_minutes_color": 20,
  "no_show_policy": "Bitte rechtzeitig stornieren. Bei Nichterscheinen behalten wir uns eine Gebühr vor.",
  "services": [
    {
      "name": "Herren Schnitt",
      "duration_min": 30
    },
    {
      "name": "Damen Schnitt",
      "duration_min": 45
    },
    {
      "name": "Waschen & Föhnen",
      "duration_min": 30
    },
    {
      "name": "Ansatz Farbe",
      "duration_min": 60
    },
    {
      "name": "Farbe komplett",
      "duration_min": 90
    },
    {
      "name": "Balayage / Ombré",
      "duration_min": 150
    },
    {
      "name": "Strähnen",
      "duration_min": 120
    },
    {
      "name": "Dauerwelle",
      "duration_min": 120
    },
    {
      "name": "Extensions Beratung",
      "duration_min": 30
    }
  ],
  "staff": [
    {
      "name": "Seda Türkoglu",
      "locations": [
        "Ostermiething",
        "Mattighofen"
      ],
      "skills": [
        "Alle"
      ]
    },
    {
      "name": "Sevim Türkoglu",
      "locations": [
        "Ostermiething",
        "Mattighofen"
      ],
      "skills": [
        "Kosmetik",
        "Permanent Make-up",
        "Farbe",
        "Schnitt"
      ]
    },
    {
      "name": "Sema Türkoglu",
      "locations": [
        "Ostermiething",
        "Mattighofen"
      ],
      "skills": [
        "Dermopigmentierung",
        "Make-up",
        "Farbe"
      ]
    },
    {
      "name": "Dijana",
      "locations": [
        "Mattighofen"
      ],
      "skills": [
        "Schnitt",
        "Farbe",
        "Styling"
      ]
    },
    {
      "name": "Selina",
      "locations": [
        "Ostermiething"
      ],
      "skills": [
        "Schnitt",
        "Farbe",
        "Styling"
      ]
    },
    {
      "name": "Anna",
      "locations": [
        "Ostermiething",
        "Mattighofen"
      ],
      "skills": [
        "Schnitt",
        "Styling"
      ]
    }
  ]
}